{
  "strategy": "ensemble_5",
  "shrinkages": {
    "1": 0.188,
    "3": 0.102,
    "10": 0.314,
    "25": 0.31
  },
  "cv_ratio": 0.9968978331873621,
  "cv_score": 0.055697098781156126,
  "timestamp": "20260113_182749"
}